epoch,abdomen,abdomen_tip,head,l_antenna_joint,l_antenna_tip,l_leg_1,l_leg_2,l_leg_3,l_mandible,loss,lr,r_antenna_joint,r_antenna_tip,r_leg_1,r_leg_2,r_leg_3,r_mandible,tag,thorax,val_abdomen,val_abdomen_tip,val_head,val_l_antenna_joint,val_l_antenna_tip,val_l_leg_1,val_l_leg_2,val_l_leg_3,val_l_mandible,val_loss,val_r_antenna_joint,val_r_antenna_tip,val_r_leg_1,val_r_leg_2,val_r_leg_3,val_r_mandible,val_tag,val_thorax
0,0.0012957548024132848,0.0013370130909606814,0.0012984424829483032,0.0013207376468926668,0.0012911410303786397,0.0013172763865441084,0.0013204478891566396,0.0013422027695924044,0.001330086262896657,0.0013178075896576047,1e-04,0.0013261062558740377,0.0012831240892410278,0.001316883834078908,0.001326083205640316,0.0013462938368320465,0.0013299561105668545,0.0012899099383503199,0.001331275561824441,0.0015712057938799262,0.001352266757749021,0.0014709995593875647,0.0013231589691713452,0.0012874689418822527,0.0012850601924583316,0.0013240326661616564,0.001343107083812356,0.0013230573385953903,0.0013477910542860627,0.0013187158619984984,0.0012998428428545594,0.0013002986088395119,0.0013233431382104754,0.0013487868709489703,0.0013164615957066417,0.001342050265520811,0.0013825908536091447
1,0.0012839552946388721,0.0013355796691030264,0.0012829365441575646,0.0013221651315689087,0.0012877320405095816,0.0013174244668334723,0.001329028862528503,0.0013452308485284448,0.0013301469152793288,0.0013156374916434288,1e-04,0.0013255043886601925,0.0012840896379202604,0.0013178137596696615,0.001319207134656608,0.001341449562460184,0.0013292428338900208,0.0012799918185919523,0.0013343474129214883,0.0013052879367023706,0.0013510269345715642,0.0013211665209382772,0.0013313404051586986,0.0012972973054274917,0.0012942033354192972,0.0013322312152013183,0.0013523732777684927,0.0013242183485999703,0.0013120593503117561,0.001317888032644987,0.0012782637495547533,0.0013008107198402286,0.0013152864994481206,0.0013372754910960793,0.0013125326950103045,0.0012010630453005433,0.0013327456545084715
2,0.0010540863731876016,0.0013108340790495276,0.001067992765456438,0.001315226429142058,0.0012878827983513474,0.0013059255434200168,0.0013164292322471738,0.0013400856405496597,0.0013282024301588535,0.001266750623472035,1e-04,0.0013251196360215545,0.0012890357756987214,0.0013066295068711042,0.0013122117379680276,0.0013439455069601536,0.001331306528300047,0.0010237685637548566,0.0012760909739881754,0.0008446312276646495,0.0012869358761236072,0.0008412260795012116,0.00131304154638201,0.0012766278814524412,0.0012867890764027834,0.0013090067077428102,0.0013449174584820867,0.0013156584464013577,0.0012065338669344783,0.0013244434958323836,0.001313722226768732,0.0012691722949966788,0.0013058080803602934,0.0013406737707555294,0.0013208889868110418,0.0006160325137898326,0.0012014989042654634
3,0.0006520937313325703,0.0010995760094374418,0.0006689928704872727,0.001315444242209196,0.001280531520023942,0.0012889421777799726,0.0012992487754672766,0.0013355603441596031,0.001327734673395753,0.0011564661981537938,1e-04,0.0013101500226184726,0.001282837358303368,0.0012853143271058798,0.001298988237977028,0.001336863380856812,0.0013204971328377724,0.0004745635378640145,0.0010826032375916839,0.0006349742179736495,0.0008823376847431064,0.0005918020033277571,0.0012987627414986491,0.0013018392492085695,0.0012641624780371785,0.0012849628692492843,0.0013294275850057602,0.00131662015337497,0.001111615332774818,0.0013078851625323296,0.0012691582087427378,0.0012511394452303648,0.0012834003427997231,0.0013423134805634618,0.0013110946165397763,0.00033371889730915427,0.0008938618702813983
4,0.0004675939562730491,0.0006777244270779192,0.0004691088106483221,0.0012930860975757241,0.0012793909991160035,0.0012552982661873102,0.0012615823652595282,0.0013182043330743909,0.001292424276471138,0.0010574508924037218,1e-04,0.0013000012841075659,0.001283688354305923,0.0012578400783240795,0.0012586824595928192,0.0013164181727916002,0.0012912375386804342,0.000291727134026587,0.0006626535905525088,0.00043697102228179574,0.0005642774049192667,0.00043567249667830765,0.0012812141794711351,0.0012830155901610851,0.0012094092089682817,0.0012160553596913815,0.001299109309911728,0.0012296733912080526,0.0010117172496393323,0.001274295151233673,0.001256596646271646,0.0011999753769487143,0.0012364285066723824,0.001302341464906931,0.0012335394276306033,0.0002843783295247704,0.0004562402900774032
5,0.000414424721384421,0.0005161238950677216,0.00041981550748459995,0.0012274886248633265,0.0012682999949902296,0.0012071436503902078,0.0011944116558879614,0.0012943338369950652,0.0011255796998739243,0.0009809477487578988,1e-04,0.001237558783032,0.0012643620138987899,0.0012150529073551297,0.0012142806081101298,0.0012979726307094097,0.0011341954814270139,0.00024418538669124246,0.00040088375681079924,0.000444401812274009,0.000577237515244633,0.0004014446458313614,0.001183512038551271,0.0012695209588855505,0.0011738769244402647,0.0012108682421967387,0.001303954515606165,0.0010038521140813828,0.0009664631215855479,0.0012194642331451178,0.001266638981178403,0.0012034315150231123,0.0012038006680086255,0.0013127713464200497,0.0010125659173354506,0.00024305058468598872,0.0003994825528934598
6,0.0003922825853805989,0.00045250458060763776,0.0003977023879997432,0.0011100200936198235,0.0012570100370794535,0.001156606595031917,0.0011352909496054053,0.0012409297050908208,0.0008651504758745432,0.0009075439302250743,1e-04,0.0011614253744482994,0.0012420325074344873,0.0011707320809364319,0.001151412376202643,0.0012431719806045294,0.0008639992447569966,0.00023552175844088197,0.0003524507337715477,0.0003821224672719836,0.00042419563396833837,0.0003676233463920653,0.0009599894983693957,0.0012206167448312044,0.001067704288288951,0.0010913278674706817,0.001195438439026475,0.0007265476160682738,0.0008444459526799619,0.0010643111309036613,0.0012156071607023478,0.001074056839570403,0.0011080142576247454,0.0011602654121816158,0.0007225329172797501,0.0002175608678953722,0.0003576641029212624
7,0.00035840406781062484,0.00038148212479427457,0.0003554486611392349,0.0008464397978968918,0.0012193104485049844,0.0010270520579069853,0.001054770895279944,0.001126620452851057,0.0006806889432482421,0.0008028930169530213,1e-04,0.0009043779573403299,0.0012205915991216898,0.0010571264429017901,0.001089440775103867,0.001138539519160986,0.000676954397931695,0.00019846114446409047,0.00031347019830718637,0.0003662816889118403,0.000392698886571452,0.0003524721250869334,0.0007628141902387142,0.0011830070288851857,0.0009496075799688697,0.0010027613025158644,0.001076629152521491,0.0005980252753943205,0.0007679428090341389,0.0008244086639024317,0.0012019177665933967,0.001021101837977767,0.0010724535677582026,0.001079617184586823,0.0005961503484286368,0.00024106579076033086,0.0003340141265653074
8,0.00034116097958758473,0.0003513989213388413,0.00034133021836169064,0.0006793140200898051,0.0011595694813877344,0.0009304428822360933,0.0009545175125822425,0.0010548416757956147,0.0005911654443480074,0.0007272808579728007,1e-04,0.0007195425569079816,0.0011707036755979061,0.0009697802015580237,0.0009848845656961203,0.0010709916241467,0.0005867709405720234,0.0001763846375979483,0.0002809676225297153,0.00035275949630886316,0.0003703291295096278,0.00036738344351761043,0.0006393137737177312,0.0011098291724920273,0.0008715891162864864,0.0007892312132753432,0.0010709607740864158,0.0005351158906705678,0.000690992281306535,0.0006637685000896454,0.0011361058568581939,0.0009046374470926821,0.000891759293153882,0.0010482246289029717,0.0005326332175172865,0.00018048046331387013,0.0002827471762429923
9,0.0003291519242338836,0.0003352636704221368,0.0003336773079354316,0.0006100568571127951,0.0010634498903527856,0.0008669878588989377,0.0007460929336957633,0.0010027856333181262,0.0005359415663406253,0.0006573200225830078,1e-04,0.0006211271393112838,0.001086501986719668,0.0008619636064395308,0.0007451185956597328,0.0010408161906525493,0.0005321026546880603,0.00018501597514841706,0.00027838931418955326,0.00031568220583721995,0.0003497499565128237,0.0003184849629178643,0.0005977096152491868,0.0010100695071741939,0.0008333521545864642,0.0007467939285561442,0.0009678620263002813,0.000505163217894733,0.0006289509474299848,0.0005374999018386006,0.0010285726748406887,0.0007943642558529973,0.0006826911121606827,0.0010377526050433517,0.000496059947181493,0.00018437685503158718,0.00028598212520591915
10,0.0002944870211649686,0.00030359087395481765,0.0002930652699433267,0.0005386156844906509,0.0008888295269571245,0.0008009140728972852,0.0006523069459944963,0.0008923406712710857,0.00046942292829044163,0.0005805275868624449,1e-04,0.0005443171830847859,0.0009321343386545777,0.0008038729429244995,0.000642266939394176,0.000957970623858273,0.00046866488992236555,0.0001527227577753365,0.00023345192312262952,0.00028202441171742976,0.00030407667509280145,0.00027685012901201844,0.00052161660278216,0.0008083691936917603,0.0007530170842073858,0.0006174299633130431,0.0007421748014166951,0.0004650689661502838,0.0005399375222623348,0.0005237002042122185,0.0008397557539865375,0.000786512391641736,0.000640908139757812,0.0008074744255281985,0.0004497295885812491,0.0001407037052558735,0.00021952507086098194
11,0.00028034771094098687,0.00028753033257089555,0.00028579181525856256,0.0005313975270837545,0.0007799023296684027,0.0007725194445811212,0.0006303180707618594,0.0006558977765962481,0.00044690497452393174,0.0005194622208364308,1e-04,0.0005134331877343357,0.0007707488839514554,0.000762009178288281,0.0006006431067362428,0.0006897639250382781,0.0004471342545002699,0.0001480983482906595,0.00022841458849143237,0.00028766720788553357,0.00032602358260191977,0.0003122357011307031,0.0005188260693103075,0.0007404231000691652,0.0007553966715931892,0.000611628987826407,0.0006130568799562752,0.00044645738671533763,0.000516387284733355,0.0005352581501938403,0.0007478430052287877,0.0007403229828923941,0.0006298426305875182,0.0006378655671142042,0.00044161605183035135,0.00018807160085998476,0.0002460478281136602
12,0.0002571666846051812,0.00027102770400233567,0.0002506774035282433,0.00047021222417242825,0.0006843684823252261,0.0007376745925284922,0.0005727611132897437,0.0005649158265441656,0.0004047050897497684,0.00046949475654400885,1e-04,0.000464205484604463,0.0006900174194015563,0.000711604196112603,0.0005593647947534919,0.0005991051439195871,0.00040192765300162137,0.0001365574134979397,0.0002051160263363272,0.00022648520825896412,0.00025480540352873504,0.00023869935830589384,0.00044755515409633517,0.0006972313276492059,0.0006989285466261208,0.0006313641788437963,0.000558429688680917,0.0003833541995845735,0.0004573941696435213,0.00045704940566793084,0.0006721428944729269,0.0006906593916937709,0.0005702981143258512,0.0005795476026833057,0.00037320461706258357,0.00011083779099863023,0.0001851069973781705
13,0.00025997086777351797,0.0002796759072225541,0.00025560654466971755,0.0004398003511596471,0.000647608598228544,0.0006871470250189304,0.0005541805876418948,0.0005516941891983151,0.000396056508179754,0.000451780972070992,1e-04,0.00045048081665299833,0.0006450386135838926,0.0006833237130194902,0.0005356293404474854,0.0005522591527551413,0.0003996870364062488,0.00013463059440255165,0.0002074881485896185,0.0002608757058624178,0.00028846089844591916,0.0002596084668766707,0.0004569089796859771,0.0006227237172424793,0.000685785838868469,0.0005516455275937915,0.0005594645626842976,0.00040053235716186464,0.00045873047201894224,0.00047172303311526775,0.0006851154030300677,0.0007013292051851749,0.0005327819380909204,0.0005644518532790244,0.0003895937989000231,0.00014729877875652164,0.0002201174502260983
14,0.00025404387270100415,0.00027164266793988645,0.00025149754947051406,0.0004282075387891382,0.0006203234079293907,0.0006673759198747575,0.0005201846361160278,0.0005168425268493593,0.0003847034531645477,0.0004356378340162337,1e-04,0.0004374805139377713,0.0006235911278054118,0.0006729840533807874,0.0005159858847036958,0.0005243563209660351,0.00037784097366966307,0.0001372840633848682,0.00020149812917225063,0.0002297035971423611,0.00025914295110851526,0.00023902243992779404,0.0004254409286659211,0.000609808717854321,0.000645653810352087,0.0005026738508604467,0.0004974446492269635,0.0003295817878097296,0.0004163634730502963,0.00038924190448597074,0.0006091289105825126,0.0006523893680423498,0.0005014921189285815,0.0005302073550410569,0.0003350783954374492,0.0001302757882513106,0.0001918907364597544
15,0.0002481898700352758,0.00026370794512331486,0.00024542820756323636,0.00041315500857308507,0.0005977898254059255,0.000643715902697295,0.0005023045814596117,0.0004835053696297109,0.0003626959805842489,0.00041878598858602345,1e-04,0.00041616259841248393,0.0005947226309217513,0.0006404053419828415,0.0004924785462208092,0.0005096080130897462,0.00036775722401216626,0.0001391706318827346,0.00019856696599163115,0.0002157177368644625,0.0002469339524395764,0.00020535563817247748,0.00035832819412462413,0.0005729447002522647,0.0006118406890891492,0.00046484245103783906,0.0004727011255454272,0.00031231381581164896,0.0003862096054945141,0.0003826137399300933,0.0005595469265244901,0.0006036738050170243,0.0004906294634565711,0.00046607674448750913,0.0003204017411917448,0.00011438430374255404,0.00016726097965147346
16,0.0002421907993266359,0.0002607722708489746,0.00024620737531222403,0.00041200255509465933,0.0005853892653249204,0.0006333172786980867,0.0004773079708684236,0.0004759914299938828,0.00037183400127105415,0.0004142976540606469,1e-04,0.00040928192902356386,0.0005949269398115575,0.0006237364723347127,0.0004999735974706709,0.0004980259109288454,0.00037403369788080454,0.00014104988076724112,0.00019702146528288722,0.00023862648231443018,0.00025925575755536556,0.0002461122057866305,0.0004273179220035672,0.0006058801081962883,0.0006516417488455772,0.0005053060594946146,0.0004950148286297917,0.00035936993663199246,0.00041607380262576044,0.0004064291133545339,0.0006034413818269968,0.0006053883698768914,0.0004926309920847416,0.0004789544618688524,0.0003590009000618011,0.00014290511899162084,0.0001959771616384387
17,0.00023982093262020499,0.0002600942680146545,0.0002367299166508019,0.0003809248155448586,0.000573313853237778,0.0005934459622949362,0.000458293390693143,0.00044289720244705677,0.0003539955650921911,0.00039662199560552835,1e-04,0.0003901283198501915,0.0005769695271737874,0.0006129030953161418,0.0004814782296307385,0.00047816691221669316,0.0003476551210042089,0.00013225134171079844,0.00018350340542383492,0.00025450511020608246,0.00029598159017041326,0.0002562806766945869,0.00041160083492286503,0.000647617329377681,0.0006357615347951651,0.0004893353907391429,0.0004993233014829457,0.00038077763747423887,0.00042237967136316,0.00040889906813390553,0.0005970742204226553,0.0006019370630383492,0.0004700405988842249,0.0004846445517614484,0.00037515026633627713,0.00016284464800264686,0.00020867979037575424
18,0.00022032241395208985,0.0002424328267807141,0.0002250090183224529,0.00037374155363067985,0.0005619631265290082,0.0005995779065415263,0.0004438658361323178,0.0004362468607723713,0.00034574695746414363,0.00037974806036800146,1e-04,0.00037229093140922487,0.0005456253420561552,0.0005707297241315246,0.0004348008369561285,0.00044953281758353114,0.00034207027056254447,0.00011857098434120417,0.00017318973550572991,0.00022217966034077108,0.00024008950276765972,0.00020490147289820015,0.0003865876642521471,0.0005337961483746767,0.0006030527292750776,0.0004766365746036172,0.00042318343184888363,0.0003027869970537722,0.00037388477358035743,0.00035118209780193865,0.0005558754201047122,0.0005513171781785786,0.00045142232556827366,0.0004678773693740368,0.00029376125894486904,0.00011829099094029516,0.0001731001539155841
19,0.0002193726977566257,0.00024022776051424444,0.00022405543131753802,0.00036814011400565505,0.0005502302665263414,0.0005908547900617123,0.0004324534093029797,0.0004293224774301052,0.0003323048586025834,0.0003730359603650868,1e-04,0.0003657436172943562,0.0005322769284248352,0.000550893775653094,0.00043479440500959754,0.00043979083420708776,0.00033951454679481685,0.00012032575614284724,0.00017130948253907263,0.00023201917065307498,0.00026562396669760346,0.0002717544266488403,0.00037529764813371,0.0005750890704803169,0.0006115584401413798,0.00046813394874334335,0.00043986813398078084,0.00034865998895838857,0.00040051195537671447,0.0003833549271803349,0.0005675082793459296,0.000573272816836834,0.0004680455895140767,0.0004927868139930069,0.00036642077611759305,0.00016578951908741146,0.00020352142746560276
20,0.0002244428760604933,0.00024013502115849406,0.0002143378515029326,0.0003487487556412816,0.0005357015761546791,0.0005598993739113212,0.00040722882840782404,0.00041942865937016904,0.0003188530681654811,0.00036287744296714664,1e-04,0.00034867413341999054,0.0005314595182426274,0.000547501549590379,0.000425140984589234,0.00043664759141393006,0.0003214108874090016,0.0001222341088578105,0.00016707056784071028,0.00020855454204138368,0.00023362414503935724,0.00022603454999625683,0.00036233276478014886,0.0005705248331651092,0.0005820991937071085,0.0004353077965788543,0.0004099125217180699,0.00031315922387875617,0.0003737964725587517,0.0004033943696413189,0.000557201390620321,0.000528767763171345,0.00045527133625000715,0.00043332786299288273,0.00031670063617639244,0.0001333235704805702,0.00018500185979064554
21,0.00021174459834583104,0.0002361330989515409,0.00021579205349553376,0.0003463267348706722,0.0005181225715205073,0.0005504576256498694,0.00040294628706760705,0.00038968861917965114,0.00031164693064056337,0.0003533497219905257,1e-04,0.00034626529668457806,0.0005199493607506156,0.0005381752853281796,0.00040707335574552417,0.00040918096783570945,0.00031384415342472494,0.00011941653065150604,0.00017018230573739856,0.00021121295867487788,0.0002311989082954824,0.00021228304831311107,0.00036138552241027355,0.0005449333693832159,0.0005762730725109577,0.0004182109551038593,0.000378838594770059,0.0003207738627679646,0.00035849111736752093,0.0003521955804899335,0.0005222263862378895,0.0005247180233709514,0.0004190040344838053,0.00040077694575302303,0.00031735861557535827,0.00012579032045323402,0.0001771676033968106
22,0.00020216757548041642,0.00022164052643347532,0.00020614983804989606,0.00033505732426419854,0.0004974399344064295,0.0005221227183938026,0.00039425186696462333,0.00038688420318067074,0.00029342001653276384,0.0003388750192243606,1e-04,0.00033011066261678934,0.000496229506097734,0.0005287295789457858,0.000382120197173208,0.00039694082806818187,0.0002970663190353662,0.00011270021786913276,0.00015784366405569017,0.00022627075668424368,0.0002582291199360043,0.00022335120593197644,0.00034426842466928065,0.000531312427483499,0.0005336949252523482,0.0004148557782173157,0.0004208380123600364,0.0003019695868715644,0.0003651920997072011,0.00036575531703419983,0.0005278003518469632,0.0005759632913395762,0.00042533400119282305,0.0004135927592869848,0.00031716955709271133,0.00014085874136071652,0.00018700021610129625
23,0.00020683821639977396,0.00022481990163214505,0.00021426117746159434,0.00032834435114637017,0.0004988560103811324,0.0005324723315425217,0.0003952987026423216,0.0003846042964141816,0.0003093707200605422,0.00034364263410679996,1e-04,0.000349772977642715,0.0005046854494139552,0.0005194326513446867,0.00038775167195126414,0.00039294734597206116,0.00030991091625764966,0.0001183547792606987,0.00016420376778114587,0.00023636243713553995,0.00024969541118480265,0.0002236828295281157,0.00035017792833968997,0.0005158389103598893,0.0005218517035245895,0.0004163907142356038,0.0004244052979629487,0.00031817995477467775,0.0003614156157709658,0.00035467767156660557,0.0005280659534037113,0.0005408480064943433,0.0004288729396648705,0.0004268534539733082,0.00031177926575765014,0.00012621995119843632,0.00017016312631312758
24,0.00020970722835045308,0.0002307709219167009,0.00021717275376431644,0.0003405639436095953,0.0005040599498897791,0.0005105839809402823,0.0003907373466063291,0.0003881757438648492,0.0003100831527262926,0.0003431831137277186,1e-04,0.00032881146762520075,0.0004953565658070147,0.0005263980128802359,0.0003839139826595783,0.00039597228169441223,0.00030210454133339226,0.00012930927914567292,0.00017039504018612206,0.00022928963880985975,0.0002555902174208313,0.00022172744502313435,0.00033256778260692954,0.0004915131721645594,0.0005200229352340102,0.00042806306737475097,0.00040920558967627585,0.00029226051992736757,0.0003506263892631978,0.0003319199022371322,0.0004833267885260284,0.0005505199078470469,0.0003932081745006144,0.00041284345206804574,0.0003084910858888179,0.0001215777374454774,0.00017852152814157307
25,0.0002013576013268903,0.0002224323689006269,0.00020582671277225018,0.00031753204530104995,0.0004892928991466761,0.0005084216245450079,0.000365529180271551,0.0003605852252803743,0.00029181165155023336,0.0003297684306744486,1e-04,0.0003237885539419949,0.000491051294375211,0.0005071960622444749,0.00038284165202639997,0.00038058875361457467,0.00029060165979899466,0.00011265738430665806,0.0001545496634207666,0.00022370288206730038,0.00024307347484864295,0.00022597916540689766,0.0003301843535155058,0.0005008952575735748,0.0005401886301115155,0.000413922214647755,0.00037258758675307035,0.0003074720152653754,0.0003469392249826342,0.0003259641816839576,0.00047667225589975715,0.0005095014930702746,0.00039367287536151707,0.0003859197604469955,0.0003138704923912883,0.00014008887228555977,0.0001942706439876929
26,0.000187843746971339,0.00021128595108166337,0.0002036374935414642,0.0003107463999185711,0.00047767141950316727,0.0004906211397610605,0.0003626689431257546,0.0003540436446201056,0.0002816195192281157,0.00032088608713820577,1e-04,0.0003145270165987313,0.00047399182221852243,0.0005078650428913534,0.0003653618914540857,0.0003653277235571295,0.0002829504373949021,0.00010804348858073354,0.00015686090046074241,0.0002194576372858137,0.00023959821555763483,0.0002274695289088413,0.00033399119274690747,0.0005028239684179425,0.0005091908387839794,0.00040972966235131025,0.0003623794764280319,0.0003001246368512511,0.0003478633298072964,0.0003526727086864412,0.0004890084965154529,0.0005449845921248198,0.0003978563181590289,0.0003985824005212635,0.00030544534092769027,0.000141692697070539,0.0001786702050594613
27,0.00020046954159624875,0.00021913857199251652,0.00020841782679781318,0.00031778437551110983,0.00048705097287893295,0.0004960973747074604,0.00037052520201541483,0.00035441864747554064,0.0002928586327470839,0.0003246410342399031,1e-04,0.00031407648930326104,0.0004631795745808631,0.0004895820165984333,0.0003708596050273627,0.00036918435944244266,0.00028840394224971533,0.00011659591109491885,0.00016025239892769605,0.00021636222663801163,0.0002469424798619002,0.00022774144599679857,0.0003225932887289673,0.00046850944636389613,0.00047391015687026083,0.0003669647267088294,0.0003862765443045646,0.0003215360047761351,0.0003398433036636561,0.00032475474290549755,0.000480004062410444,0.0005167401977814734,0.0004004114307463169,0.00038565555587410927,0.0003129274700768292,0.00014016225759405643,0.0001858447794802487
28,0.00019508549303282052,0.00021442605066113174,0.0002060286933556199,0.0003111578116659075,0.00045631962711922824,0.00048661718028597534,0.00036698317853733897,0.00035295981797389686,0.00028280250262469053,0.00031968153780326247,1e-04,0.0003117700107395649,0.0004742873425129801,0.000489123456645757,0.0003635599568951875,0.00036293891025707126,0.0002844612463377416,0.00011815889592980966,0.00015790399629622698,0.0002120857243426144,0.00024341804964933544,0.0002302309003425762,0.0003403348382562399,0.000498022127430886,0.000529178068973124,0.00040429443470202386,0.00035699171712622046,0.0003019317227881402,0.00034200854133814573,0.0003146948292851448,0.0004790724196936935,0.0005227894289419055,0.00037525236257351935,0.0003845474566332996,0.0002972599759232253,0.0001385357609251514,0.00018550603999756277
29,0.0001985465787583962,0.0002181188901886344,0.00021023306180723011,0.00031153339659795165,0.0004758179420605302,0.0004911578143946826,0.0003616775502450764,0.0003596851893234998,0.00029652105877175927,0.0003239898942410946,1e-04,0.00031816272530704737,0.0004672540526371449,0.00048548742779530585,0.0003701875975821167,0.0003650285361800343,0.00029408937552943826,0.00011961776181124151,0.0001647105091251433,0.0002244771458208561,0.00025387966888956726,0.0002166213671443984,0.00032292617834173143,0.0004647273162845522,0.000508738390635699,0.00039128627395257354,0.00041000143392011523,0.00029166339663788676,0.0003389124758541584,0.00033148485817946494,0.00048109586350619793,0.00047400608309544623,0.00038750882958993316,0.000375268078641966,0.0002994798996951431,0.00014158878184389323,0.00018675759201869369
30,0.0001999269297812134,0.00022199744125828147,0.0002073040377581492,0.00030737093766219914,0.0004596050421241671,0.0004839973116759211,0.00036465408629737794,0.0003499868616927415,0.00027922383742406964,0.0003180435742251575,1e-04,0.0003131424600724131,0.0004574413178488612,0.00048591700033284724,0.0003544147766660899,0.0003578730975277722,0.00028330678469501436,0.00011722392810042948,0.00016335368854925036,0.00021187716629356146,0.0002465191937517375,0.00023454346228390932,0.000345872831530869,0.00047662880388088524,0.0005024070269428194,0.00041954757762141526,0.0003966460353694856,0.000289590418105945,0.0003440016880631447,0.0003430109063629061,0.0004899271298199892,0.0005200598388910294,0.00037220880039967597,0.0003698034561239183,0.00030935302493162453,0.0001367605000268668,0.00018327240832149982
31,0.00018534998525865376,0.00020893244072794914,0.00019693806825671345,0.00029354376601986587,0.00044700471335090697,0.00046479093725793064,0.0003357954847160727,0.0003397833788767457,0.00027129793306812644,0.00030479507404379547,1e-04,0.0002947172906715423,0.00044870079727843404,0.00047269524657167494,0.0003499378217384219,0.00034301247796975076,0.00027716808835975826,0.00010507040860829875,0.00014677505532745272,0.00017461813695263118,0.00019932574650738388,0.000174785585841164,0.00025115819880738854,0.00043953608837909997,0.0004673888615798205,0.0003475431294646114,0.0003469843359198421,0.0002661959733814001,0.00029674923280254006,0.00030311886803247035,0.0004553997132461518,0.0004443445068318397,0.0003338873211760074,0.00035183908767066896,0.00027251787832938135,8.75786499818787e-05,0.00012851596693508327
32,0.00019053828145843,0.00020760446204803884,0.0001909323618747294,0.00028659930103458464,0.0004517126362770796,0.00045618615695275366,0.0003428660857025534,0.00032933728653006256,0.00026224975590594113,0.00030029669869691133,1e-04,0.0002865560236386955,0.00044657307444140315,0.00045846786815673113,0.00034179436624981463,0.00034176246845163405,0.00026049884036183357,0.00010554020991548896,0.00014582251606043428,0.0001968798751477152,0.0002341427025385201,0.0002040559338638559,0.0003030332736670971,0.00044335980783216655,0.00045976610272191465,0.0003854472015518695,0.00036605351488105953,0.0002722230274230242,0.00031126377871260047,0.0002904250577557832,0.00045474828220903873,0.00045827272697351873,0.00032787752570584416,0.00035489475703798234,0.0002757389738690108,0.00011227176582906395,0.0001522950187791139
33,0.00019037724996451288,0.00021535811538342386,0.00019991556473542005,0.00028891803231090307,0.00044874302693642676,0.00045803195098415017,0.0003404584713280201,0.00034051918191835284,0.00026910618180409074,0.0003016129194293171,1e-04,0.0002907322777900845,0.00043974723666906357,0.0004525234398897737,0.00032687559723854065,0.00033392058685421944,0.00026460556546226144,0.0001130454838857986,0.00015454513777513057,0.0001749827351886779,0.0002086812019115314,0.00018250559514854103,0.00026438324130140245,0.00043541230843402445,0.00045073023648001254,0.00033565517514944077,0.00031624891562387347,0.00025458421441726387,0.0002903404529206455,0.0002819845685735345,0.0004487152909860015,0.0004257321706973016,0.0003305845020804554,0.0003239892248529941,0.0002572630764916539,0.00010290667705703527,0.0001414278376614675
34,0.00018152693519368768,0.00020507912267930806,0.0001944783580256626,0.00027000525733456016,0.0004224683507345617,0.00043832496157847345,0.0003255148767493665,0.00032714239205233753,0.00025926955277100205,0.00029331896803341806,1e-04,0.00028859006124548614,0.00043864003964699805,0.0004594375495798886,0.00032796169398352504,0.00033150415401905775,0.00025519958580844104,0.0001104217444662936,0.0001508594723418355,0.00018892566731665283,0.00021884945454075933,0.00021187466336414218,0.0002944452571682632,0.00045329576823860407,0.0004608350864145905,0.00035784707870334387,0.00032932477188296616,0.00028501867200247943,0.0003117343585472554,0.00028995072352699935,0.000451569736469537,0.00047626698506064713,0.000360137433744967,0.00033799579250626266,0.00028559312340803444,0.0001231419446412474,0.00017441138334106654
35,0.0001841474586399272,0.00020994139777030796,0.00018883150187321007,0.00028027448570355773,0.0004367040819488466,0.0004437579191289842,0.0003330932813696563,0.0003303573466837406,0.000263248075498268,0.0002945391752291471,1e-04,0.00028195540653541684,0.000425688544055447,0.00044752753456123173,0.00033616949804127216,0.0003279409429524094,0.0002632414980325848,0.0001069905047188513,0.0001472983421990648,0.00019619078375399113,0.0002285788068547845,0.00019939719641115516,0.00028686647419817746,0.00042229736573062837,0.00044675555545836687,0.0003899832081515342,0.0003451718657743186,0.00026881671510636806,0.00030726860859431326,0.0002906834124587476,0.00045964145101606846,0.0004864188958890736,0.00034573813900351524,0.00033394197816960514,0.0002605844638310373,0.00010761636804090813,0.00015488443023059517
36,0.0001839649339672178,0.00020627488265745342,0.00019259608234278858,0.00027864068397320807,0.00042587341158650815,0.0004343501932453364,0.00031813362147659063,0.00032470596488565207,0.0002492305065970868,0.0002904566063079983,1e-04,0.00028498840401880443,0.000427346327342093,0.0004492168372962624,0.00033295355387963355,0.00032765697687864304,0.0002539485285524279,0.00010342870518798009,0.00014445223496295512,0.00017097339150495827,0.00019621835963334888,0.00019716359383892268,0.0002840936940629035,0.00043563134386204183,0.0004443568759597838,0.0003426363691687584,0.0003126054652966559,0.0002440531534375623,0.0002878259401768446,0.0002615786506794393,0.0004065054818056524,0.00043913145782426,0.0003297410730738193,0.00032959942473098636,0.0002561016008257866,0.000100836725323461,0.0001418142201146111
37,0.00018666157848201692,0.00020486264838837087,0.00019250200421083719,0.00026994492509402335,0.00041899021016433835,0.00043710728641599417,0.0003249018918722868,0.00031669458257965744,0.0002576250699348748,0.0002893657947424799,1e-04,0.0002809979487210512,0.0004206029698252678,0.0004357694124337286,0.00032574450597167015,0.0003360140835866332,0.0002540170098654926,0.00010793779802042991,0.00014884625852573663,0.000183865922736004,0.00020978035172447562,0.00019925575179513544,0.00028118284535594285,0.0004466948448680341,0.0004541274975053966,0.0003517068980727345,0.0003434262762311846,0.00026568921748548746,0.00030031250207684934,0.00027667731046676636,0.00042817715439014137,0.0004655396332964301,0.0003345727454870939,0.0003319911484140903,0.00026229117065668106,0.0001119089502026327,0.00015842482389416546
38,0.00017525303701404482,0.00019684815197251737,0.00018582367920316756,0.00026833469746634364,0.000421130534959957,0.0004314937978051603,0.0003220716316718608,0.0003144404909107834,0.00024969407240860164,0.00028258244856260717,1e-04,0.0002725052472669631,0.0004060427309013903,0.00044322587200440466,0.00031206963467411697,0.00032539700623601675,0.00024912680964916945,9.388579928781837e-05,0.0001365548523608595,0.0001651556376600638,0.00019392420654185116,0.00018570770043879747,0.0002708695537876338,0.00041546704596839845,0.0004380915779620409,0.00034151505678892136,0.0003081735339947045,0.00026007325504906476,0.00028515138546936214,0.00029326797812245786,0.00041927749407477677,0.0004533662286121398,0.0002935131487902254,0.0003100357425864786,0.00025755277602002025,0.00010190324974246323,0.0001396791631123051
39,0.00018732449098024517,0.00021243795345071703,0.00019914036965928972,0.0002772329025901854,0.000429205916589126,0.0004452859575394541,0.00032171086058951914,0.0003264413680881262,0.0002587227209005505,0.0002904104767367244,1e-04,0.00026897332281805575,0.00040345953311771154,0.00043958748574368656,0.0003185400855727494,0.0003167652466800064,0.0002603676693979651,0.00011572781659197062,0.0001560556993354112,0.00020103665883652866,0.00023324904032051563,0.0002219966845586896,0.00027964782202616334,0.0004283725284039974,0.00043777318205684423,0.0003530917165335268,0.00031481991754844785,0.00026788003742694855,0.00030289622372947633,0.0003064059419557452,0.0004184494027867913,0.0004728895437438041,0.0003249298606533557,0.00032626852043904364,0.0002633164403960109,0.00012855080422013998,0.00017055770149454474
40,0.00017773853323888034,0.00020025063713546842,0.00019003277702722698,0.00027046602917835116,0.0004153274931013584,0.000415368820540607,0.00032607492175884545,0.000311764219077304,0.0002501708222553134,0.0002811192243825644,1e-04,0.00025620797532610595,0.00039980022120289505,0.0004353966214694083,0.0003138362953905016,0.000322183157550171,0.00024243337975349277,0.00010735348041635007,0.0001446238748030737,0.0001808508241083473,0.0002054772194242105,0.00020687452342826873,0.0002926790912169963,0.0004303579335100949,0.00043456823914311826,0.0003535835421644151,0.0003057184221688658,0.0002534205559641123,0.00029351635021157563,0.00025914428988471627,0.00043590442510321736,0.00044567364966496825,0.0003303740231785923,0.0003392586950212717,0.00024392639170400798,0.00011608016211539507,0.00015588673704769462
41,0.00018721767992246896,0.00020931173639837652,0.00019062489445786923,0.0002676690637599677,0.00041023429366759956,0.00042127122287638485,0.0003137441526632756,0.000324309803545475,0.0002493134525138885,0.0002825772389769554,1e-04,0.00026411237195134163,0.0004057900805491954,0.00042354222387075424,0.00031941497582010925,0.0003057158610317856,0.0002541996364016086,0.0001081926966435276,0.00014914914208929986,0.00021403768914751709,0.00024491921067237854,0.00023357119061984122,0.00031967239920049906,0.0004746425256598741,0.0004946970730088651,0.00037532171700149775,0.0003415170358493924,0.00030928163323551416,0.00033062559668906033,0.00031612219754606485,0.0004534453619271517,0.0004540591035038233,0.000364020059350878,0.0003821964201051742,0.0003088889643549919,0.00014097618986852467,0.00019326704205013812
42,0.0001769762166077271,0.00019855902064591646,0.00018144535715691745,0.0002519674599170685,0.00039272013236768544,0.0004221315321046859,0.0003145046648569405,0.00031120615312829614,0.00023991294438019395,0.0002741448406595737,1e-04,0.00026049482403323054,0.00040946874651126564,0.00041213477379642427,0.0003085866628680378,0.00030380336102098227,0.00024230322742369026,9.964777564164251e-05,0.00013460026821121573,0.00018673435261007398,0.00021759139781352133,0.00019564847752917558,0.00026026711566373706,0.0004075472243130207,0.0004273723461665213,0.0003391197824385017,0.0003255918563809246,0.0002584817702881992,0.00029253546381369233,0.000275600963504985,0.0004289241915103048,0.00047067104605957866,0.000306956993881613,0.00033884411095641553,0.00026517524383962154,0.00011518043902469799,0.0001533964677946642
43,0.00018010087660513818,0.00020518786914180964,0.00019062274077441543,0.0002620890736579895,0.00039114264654926956,0.00042484214645810425,0.00032061859383247793,0.00031066109659150243,0.0002454642381053418,0.00027964040054939687,1e-04,0.00026581791462376714,0.0004087309935130179,0.0004220804839860648,0.00029771775007247925,0.00032399335759691894,0.0002449553576298058,0.00010920256318058819,0.00015066095511429012,0.00021500598813872784,0.00023507748846895993,0.00021630963601637632,0.00028846331406384706,0.0004638944810722023,0.00044581358088180423,0.0003420074936002493,0.0003060061135329306,0.0002569046337157488,0.00030487755429930985,0.00028707802994176745,0.0004012177814729512,0.00045882267295382917,0.0003633079177234322,0.0003530619724188,0.00025161384837701917,0.00012095092824893072,0.0001773809635778889
44,0.00017888446745928377,0.0001995698839891702,0.00018070278747472912,0.00025841942988336086,0.0003901239833794534,0.00040860421722754836,0.00029926616116426885,0.0002973229857161641,0.00024147458316292614,0.0002714177535381168,5e-05,0.00025761869619600475,0.00039279056363739073,0.0003993478021584451,0.00031379435677081347,0.000315415469231084,0.0002376577613176778,0.0001038358241203241,0.00013927201507613063,0.00021043042943347245,0.0002444226120132953,0.00021798632224090397,0.00027631348348222673,0.0003950499230995774,0.00046433688839897513,0.00032522305264137685,0.00031777273397892714,0.0002560421417001635,0.0002978141710627824,0.00027424009749665856,0.00039804421248845756,0.0004187790327705443,0.0003411782381590456,0.00035947663127444685,0.00024693916202522814,0.00013603534898720682,0.0001805719657568261
45,0.0001643464929657057,0.00019134063040837646,0.00016929963021539152,0.00024366063007619232,0.0003680769877973944,0.0003871376102324575,0.00027687137480825186,0.00029224352329038084,0.00022134213941171765,0.00025376409757882357,5e-05,0.00023581177811138332,0.00037237192736938596,0.00038064291584305465,0.0002911693009082228,0.0002856470237020403,0.0002210156962973997,8.972227078629658e-05,0.00012328957382123917,0.00016506697284057736,0.00018989242380484939,0.00017111882334575057,0.0002487999736331403,0.00036345107946544886,0.00038615489029325545,0.0003246043634135276,0.0002852358156815171,0.00022369726502802223,0.0002606306807138026,0.00024255586322396994,0.00038231315556913614,0.00039945292519405484,0.0002928221656475216,0.00028968718834221363,0.00022453026031143963,0.00010533174645388499,0.00013600797683466226
46,0.00017956705414690077,0.0002056113735307008,0.00018118794832844287,0.0002498757385183126,0.0003731258912011981,0.0004053227312397212,0.00029576109955087304,0.0002969616325572133,0.00022762606386095285,0.0002642623148858547,5e-05,0.00024328580184374005,0.0003778520040214062,0.00038634377415291965,0.00030183602939359844,0.00030928818159736693,0.0002245360956294462,9.771979239303619e-05,0.00013655787915922701,0.00015907200577203184,0.00019478739704936743,0.00018008171173278242,0.0002629623340908438,0.0003754122881218791,0.00041179844993166625,0.0002782217343337834,0.0002693873830139637,0.00023783936921972781,0.00026371327112428844,0.00024861417477950454,0.000388595275580883,0.00040827374323271215,0.0003209667920600623,0.00027495279209688306,0.00023566254822071642,9.710714221000671e-05,0.0001393898273818195
47,0.00016378131113015115,0.00019106236868537962,0.00017988786567002535,0.00025453639682382345,0.00037753742071799934,0.00038692972157150507,0.00028110420680604875,0.0002927763853222132,0.00023211001825984567,0.0002589973446447402,5e-05,0.00024354149354621768,0.00037700709071941674,0.0003975839645136148,0.00029286093194969,0.00028226288850419223,0.00022036972222849727,9.461788431508467e-05,0.0001349872472928837,0.0002000783133553341,0.00022405953495763242,0.00018943815666716546,0.00026167117175646126,0.0004118012438993901,0.00042338049388490617,0.00030788342701271176,0.00030336336931213737,0.0002425571292405948,0.0002794487227220088,0.0002547214098740369,0.00036529815406538546,0.00041816045995801687,0.00032348374952562153,0.0003139772452414036,0.0002485267468728125,0.00011538776016095653,0.00014684049529023468
48,0.00016395165584981441,0.00018905650358647108,0.00016993770259432495,0.0002375491167185828,0.0003608694823924452,0.0003761871485039592,0.00027846908778883517,0.00028850670787505805,0.00022178185463417321,0.0002527685137465596,5e-05,0.00024141892208717763,0.0003717233194038272,0.0003918740258086473,0.000283820612821728,0.0002837586507666856,0.00021379416284617037,9.722877439344302e-05,0.0001271372166229412,0.00017923190898727626,0.0002088492183247581,0.00018127293151337653,0.00024765150737948716,0.00038724413025192916,0.000390479777706787,0.0002982541045639664,0.00029884613468311727,0.00023141183191910386,0.0002693522837944329,0.0002519293047953397,0.0003823828883469105,0.0004280049179214984,0.000315166573273018,0.0003015681286342442,0.0002338587655685842,0.00010421052138553932,0.00013862608466297388
49,0.00017480604583397508,0.0001974402111954987,0.0001806824584491551,0.0002462314732838422,0.00036555147380568087,0.0003805495798587799,0.00028140743961557746,0.0002889503084588796,0.00022275665833149105,0.00025773514062166214,5e-05,0.0002433234767522663,0.00036789177102036774,0.00038376456359401345,0.0002863626868929714,0.0003057434514630586,0.00022464015637524426,9.556758595863357e-05,0.00013582744577433914,0.00014699473103974015,0.0001756982528604567,0.00016349840734619647,0.00023679755395278335,0.00038023508386686444,0.00039159489097073674,0.00030010813497938216,0.0002681745099835098,0.00022131958394311368,0.0002544768212828785,0.00024305317492689937,0.00037755194352939725,0.0004048068367410451,0.0002867098373826593,0.0003091362596023828,0.00021857989486306906,7.981390808708966e-05,0.00012203308870084584
50,0.00016999429499264807,0.00019477411115076393,0.00016286711615975946,0.00023172967485152185,0.00035896204644814134,0.0003835972456727177,0.00028022981132380664,0.0002877437218558043,0.00022034288849681616,0.00025201478274539113,5e-05,0.00023633625824004412,0.00036115566035732627,0.0003710835881065577,0.0002845663402695209,0.00030010726186446846,0.00021687282423954457,9.575926378602162e-05,0.0001281269360333681,0.00018674613966140896,0.00021928767091594636,0.00018633733270689845,0.00025292200734838843,0.0003761897678487003,0.00039282802026718855,0.0003116134030278772,0.0002901309635490179,0.00023118191165849566,0.00027139767189510167,0.00024390063481405377,0.00039721117354929447,0.00040339562110602856,0.0003210959548596293,0.0003239247889723629,0.00023164626327343285,0.00010258334805257618,0.00014276451838668436
51,0.00016316406254190952,0.00018378176901023835,0.0001648830802878365,0.00023544745636172593,0.000356381933670491,0.0003756352234631777,0.00027695856988430023,0.00028162638773210347,0.00021271416335366666,0.0002477021480444819,5e-05,0.00023101094120647758,0.0003497849975246936,0.0003875493130180985,0.00028204574482515454,0.0002773252490442246,0.00021145462233107537,9.331454202765599e-05,0.0001278552517760545,0.00016305578174069524,0.00018876278772950172,0.00016577060159761459,0.00022612055181525648,0.00037854324909858406,0.0003929996455553919,0.0002869726449716836,0.00027212128043174744,0.00020131503697484732,0.00024785264395177364,0.0002326390822418034,0.00034645074629224837,0.0003721258544828743,0.00029339035972952843,0.00027490605134516954,0.00020616459369193763,8.491935295751318e-05,0.00012723839608952403
52,0.00016056749154813588,0.00018359828391112387,0.0001725060137687251,0.00023951871844474226,0.0003572907007765025,0.0003706962743308395,0.00027115290868096054,0.0002744714729487896,0.00022284756414592266,0.0002466213481966406,5e-05,0.00023450126172974706,0.0003496235585771501,0.000374273193301633,0.0002713710709940642,0.00027167174266651273,0.00021794807980768383,9.087487705983222e-05,0.00012964916822966188,0.00017761292110662907,0.00021394672512542456,0.0001898524205898866,0.0002531337086111307,0.000381949677830562,0.00040524842916056514,0.00030924417660571635,0.00029786539380438626,0.000240461973589845,0.00026996631640940905,0.00026653354871086776,0.00037986121606081724,0.0004016207531094551,0.00029377941973507404,0.00029788468964397907,0.00023567066818941385,0.00010391298565082252,0.00014084778376854956
53,0.00016500249330420047,0.00018728106806520373,0.00017470902821514755,0.00023931624309625477,0.00035780377220362425,0.00037130367127247155,0.00027457313262857497,0.00027888937620446086,0.00022186878777574748,0.00024954197579063475,5e-05,0.00023863017850089818,0.00035414056037552655,0.0003834168892353773,0.00026850588619709015,0.0002800601941999048,0.00021516357082873583,9.683967073215172e-05,0.00013470949488691986,0.0001971231249626726,0.00023408931156154722,0.0001917102636070922,0.0002443529956508428,0.00037564546801149845,0.00040956950397230685,0.00032257777638733387,0.0003116681764367968,0.00023874605540186167,0.00027994337142445147,0.00026695741689763963,0.00037635513581335545,0.00041825161315500736,0.0003260408993810415,0.0003288642910774797,0.0002462281845510006,0.00011707349040079862,0.00015378594980575144
54,0.00014936229854356498,0.00017536093946546316,0.00016024670912884176,0.00023120550031308085,0.00034357732511125505,0.000371365254977718,0.00026465003611519933,0.00027136545395478606,0.0002103043661918491,0.00023904784757178277,5e-05,0.0002231438411399722,0.00034530958510003984,0.0003627071564551443,0.00027376419166103005,0.00027366584981791675,0.00020835029135923833,8.226958743762225e-05,0.00011716494191205129,0.0001504367683082819,0.00018298617214895785,0.00015068206994328648,0.00022174704645294696,0.00036556069971993566,0.00039321379153989255,0.0002905570436269045,0.0002894124772865325,0.00019475606677588075,0.0002423201804049313,0.00022083305520936847,0.0003419065033085644,0.00037881650496274233,0.00028145508258603513,0.0002619803126435727,0.00020860321819782257,7.474916492355987e-05,0.00011174722749274224
55,0.000149573665112257,0.00016706512542441487,0.00016217761731240898,0.00022230624745134264,0.00035547453444451094,0.0003680876106955111,0.0002822493261191994,0.00026645720936357975,0.00020556198433041573,0.00023751938715577126,5e-05,0.00022941426141187549,0.0003458366554696113,0.000373013288481161,0.0002549737400840968,0.0002533405495341867,0.00020410293655004352,7.977640052558854e-05,0.00011841849482152611,0.00017686358478385955,0.00019998937204945832,0.00016410837997682393,0.00023769430117681623,0.0003714269259944558,0.0004051535506732762,0.0003046243218705058,0.0003097904846072197,0.00021309296425897628,0.00025778973940759897,0.00023575926024932414,0.0003666470292955637,0.00037518906174227595,0.00028911541448906064,0.00028696178924292326,0.00021799010573886335,9.368013706989586e-05,0.0001343383191851899
56,0.00016303111624438316,0.00018200153135694563,0.00016206549480557442,0.00022102198272477835,0.00033646481460891664,0.00036895208177156746,0.00028607246349565685,0.00028003205079585314,0.0002090095222229138,0.00024221482453867793,5e-05,0.00023746838269289583,0.00034567626425996423,0.00036627447116188705,0.00026293841074220836,0.0002734404697548598,0.00021007600298617035,8.746310049900785e-05,0.00012566702207550406,0.00018903048476204276,0.00021770238527096808,0.00018899868882726878,0.0002346766705159098,0.0003542846243362874,0.00039386723074130714,0.0003170502604916692,0.0003059746522922069,0.0002318207116331905,0.00026765913935378194,0.0002533413644414395,0.0003691229794640094,0.00041423854418098927,0.000289714167593047,0.0003012166125699878,0.000229031837079674,0.0001099403016269207,0.0001501952501712367
57,0.00016458603204227984,0.00018930643273051828,0.00016846662038005888,0.00022582347446586937,0.0003556165029294789,0.0003690984158311039,0.0002705526421777904,0.00027365944697521627,0.000212327329791151,0.00024573152768425643,5e-05,0.00023790213163010776,0.0003506244975142181,0.0003695682098623365,0.00027313834289088845,0.0002808435237966478,0.0002192472602473572,9.005129686556756e-05,0.0001266229955945164,0.00017018216021824628,0.00019523620721884072,0.0001769660593708977,0.00023137415701057762,0.0003748908929992467,0.0003893106186296791,0.0002774206514004618,0.000291758420644328,0.00021718276548199356,0.0002578098501544446,0.00024149160890374333,0.00037889735540375113,0.00039919151458889246,0.0003089923702646047,0.0002608653448987752,0.00023853749735280871,9.337013034382835e-05,0.00013710124767385423
58,0.00015843106666579843,0.00018389473552815616,0.00015216812607832253,0.00021635992743540555,0.00034275100915692747,0.00036101878504268825,0.0002639371668919921,0.0002644441556185484,0.00020075133943464607,0.00023353670258075,5e-05,0.00021787668811157346,0.00033549233921803534,0.00034536331077106297,0.00025853500119410455,0.0002732980065047741,0.0001978677319129929,8.187018829630688e-05,0.00011606373300310224,0.0002051271148957312,0.00022754684323444963,0.00021015034872107208,0.0002900964464060962,0.00039753635064698756,0.00043369625927880406,0.000327777408529073,0.0003033969842363149,0.000273868819931522,0.0002930236514657736,0.00029082922264933586,0.00039729196578264236,0.00041573072667233646,0.0003288397565484047,0.00032424344681203365,0.00026857980992645025,0.00011897126387339085,0.00016771881200838834
59,0.00016031533596105874,0.0001769671798683703,0.00016692916688043624,0.00022336063557304442,0.00035132476477883756,0.00035688350908458233,0.0002697212330531329,0.0002765918034128845,0.00020730547839775681,0.00024151687102857977,5e-05,0.00023230708029586822,0.0003341080155223608,0.00038008170668035746,0.0002671229303814471,0.00027270533610135317,0.00020998885156586766,9.108168887905777e-05,0.0001289915817324072,0.0001915517495945096,0.00021414252114482224,0.00019553719903342426,0.0002590808435343206,0.00038568340823985636,0.0004146612191107124,0.0002931139024440199,0.0002998112759087235,0.00023578600666951388,0.0002724653168115765,0.0002663060440681875,0.00038497633067891,0.00039279149495996535,0.0003341357223689556,0.0002756078902166337,0.00022789963986724615,0.00010837944864761084,0.0001524461549706757
60,0.0001630970073165372,0.00017863226821646094,0.00016768270870670676,0.00022424766211770475,0.00034523321664892137,0.00036834279308095574,0.00026238858117721975,0.0002720392367336899,0.00020921883697155863,0.00024216016754508018,2.5e-05,0.00023455715563613921,0.0003399006382096559,0.00036187615478411317,0.00027753019821830094,0.0002733881410676986,0.00021428923355415463,9.177068568533286e-05,0.000132527609821409,0.0001679734414210543,0.00019764630997087806,0.0001788080990081653,0.00023766512458678335,0.00036890548653900623,0.0003866192710120231,0.0003150505945086479,0.00028335588285699487,0.00022058641479816288,0.0002615120611153543,0.00025728478794917464,0.0003848178603220731,0.0004013532306998968,0.0003008180938195437,0.0002734492009039968,0.0002264110662508756,0.00010177851072512567,0.00014318439934868366
61,0.00016611341561656445,0.00019049640104640275,0.00017020822269842029,0.00023059139493852854,0.0003380017587915063,0.00035775350988842547,0.0002679975004866719,0.0002720088523346931,0.00021395568910520524,0.00024321938690263778,2.5e-05,0.00022722239373251796,0.0003429529315326363,0.00037068664096295834,0.00026911389431916177,0.00028093543369323015,0.00021295376063790172,9.162617061519995e-05,0.00013211088662501425,0.00017734039283823222,0.00020641207811422646,0.00017737463349476457,0.00022940723283682019,0.0003350825281813741,0.00037143187364563346,0.00028917190502397716,0.00028244280838407576,0.0002149076317436993,0.0002570438082329929,0.0002449022722430527,0.00036200619069859385,0.00038132647750899196,0.00032738829031586647,0.0003049367805942893,0.00021741336968261749,0.00010197232040809467,0.00014622724847868085
62,0.0001562288962304592,0.00017812622536439449,0.0001589322928339243,0.00020974788640160114,0.00032596831442788243,0.000344577623764053,0.00025464361533522606,0.00026537850499153137,0.00019640142272692174,0.00022930708655621856,2.5e-05,0.0002205821219831705,0.00032572101918049157,0.00034662263351492584,0.0002547960903029889,0.00025565174291841686,0.0002003329573199153,8.523488941136748e-05,0.00011927502055186778,0.00018040140275843441,0.0002092897630063817,0.00018920218280982226,0.0002426342252874747,0.00036528403870761395,0.0003905442135874182,0.0002867536386474967,0.000301647640299052,0.00022575724869966507,0.0002641988976392895,0.00025935767916962504,0.00036121654557064176,0.0003872968372888863,0.0003042968746740371,0.0002928974572569132,0.00023187478655017912,0.00010685598681448027,0.00015607067325618118
63,0.0001617873931536451,0.000187030658707954,0.00016569328727200627,0.00021786800061818212,0.00033531530061736703,0.00035741354804486036,0.00026067154249176383,0.0002751480496954173,0.00020276503346394747,0.0002378344943281263,2.5e-05,0.00022434614947997034,0.0003296940412838012,0.00035096079227514565,0.00027105072513222694,0.0002775323810055852,0.00020927753939758986,9.03185282368213e-05,0.00012631459685508162,0.0001473847369197756,0.00017887431022245437,0.0001710315846139565,0.00021859153639525175,0.0003743467677850276,0.00039064802695065737,0.00026071607135236263,0.00025275457301177084,0.00021543506591115147,0.00024139785091392696,0.00022800610167905688,0.00032295563141815364,0.0003724659327417612,0.0002813159371726215,0.00026518673985265195,0.00022469308169092983,7.496784382965416e-05,0.00012438956764526665
64,0.0001672494545346126,0.0001860177144408226,0.00016628490993753076,0.00022365301265381277,0.00034301597042940557,0.0003604154917411506,0.0002575088292360306,0.00026643683668226004,0.00020695498096756637,0.00023898275685496628,2.5e-05,0.00021932052914053202,0.0003276938805356622,0.0003534145653247833,0.00027463817968964577,0.00028207831201143563,0.00020366589887998998,9.668114216765389e-05,0.00012767469161190093,0.00013800457236357033,0.00016394263366237283,0.00014988970360718668,0.00020810970454476774,0.00032935698982328176,0.0003740336687769741,0.00026157847605645657,0.00026242792955599725,0.00019228344899602234,0.00022717993124388158,0.00019939632329624146,0.00033615279244259,0.000369150482583791,0.0002574767859186977,0.00023226477787829936,0.00019651910406537354,7.342435856116936e-05,0.00011804678797489032
65,0.00016269818297587335,0.00018336434732191265,0.00015333571354858577,0.00020881425007246435,0.00031514622969552875,0.0003569260297808796,0.000255351624218747,0.00027362644323147833,0.0001873120927484706,0.00022763718152418733,2.5e-05,0.000203078641789034,0.0003213192103430629,0.00033590628299862146,0.000260406406596303,0.0002618583384901285,0.00018716613703873008,8.560060086892918e-05,0.00011792291479650885,0.00017156913236249238,0.00019928699475713074,0.00017375877359881997,0.00023194888490252197,0.00035294602275826037,0.00037460128078237176,0.0002752465952653438,0.00028815565747208893,0.0002252705889986828,0.0002544704475440085,0.00024088803911581635,0.0003846299077849835,0.00036565959453582764,0.00030803956906311214,0.0002870772732421756,0.0002234181883977726,8.993700612336397e-05,0.0001335643173661083
66,0.00015888834604993463,0.00017888944421429187,0.0001599566894583404,0.0002183598990086466,0.00032779015600681305,0.00034849258372560143,0.0002557799743954092,0.00024739003856666386,0.00019714439986273646,0.00023143907310441136,2.5e-05,0.00021773757180199027,0.0003298876981716603,0.0003497496072668582,0.0002685365325305611,0.0002672372502274811,0.000196995708392933,8.610358054284006e-05,0.00012552690168377012,0.00018084360635839403,0.00021600064064841717,0.00019109061395283788,0.00023928112932480872,0.0003641999210231006,0.0003966169897466898,0.000300119660096243,0.00027992817922495306,0.00023247541685122997,0.00026535626966506243,0.00025549891870468855,0.0003556174342520535,0.0003933798288926482,0.00030183326452970505,0.00030090895597822964,0.00023633202363271266,0.00011408553837100044,0.0001528437715023756
67,0.0001552291214466095,0.00017508155724499375,0.00015431387873832136,0.00020984795992262661,0.0003253267495892942,0.0003465721965767443,0.00026408853591419756,0.00025345798349007964,0.00019142577366437763,0.00022783206077292562,2.5e-05,0.00021080290025565773,0.0003236595366615802,0.000349469919456169,0.00025197232025675476,0.00026454904582351446,0.00019088179396931082,8.554961095796898e-05,0.00012091627286281437,0.00016851865802891552,0.0001923743257066235,0.00018419124535284936,0.0002444352430757135,0.0003494794946163893,0.00037609695573337376,0.00029912529862485826,0.0002676123986020684,0.0002215686545241624,0.00025572540471330285,0.00024380939430557191,0.00036150586674921215,0.00039103595190681517,0.0002995221293531358,0.00028753088554367423,0.0002110235654981807,0.00010239095718134195,0.00014711015683133155
68,0.0001548088330309838,0.00017066036525648087,0.00016000236792024225,0.00020980191766284406,0.00031289804610423744,0.0003478319267742336,0.00026309984968975186,0.00025709543842822313,0.00019306730246171355,0.00022679110406897962,2.5e-05,0.00021300614753272384,0.0003222914529033005,0.0003417413972783834,0.00025207220460288227,0.0002578860439825803,0.00019075603631790727,8.392342715524137e-05,0.00012450394569896162,0.0001758719008648768,0.00020822137594223022,0.0001843111531343311,0.0002380081859882921,0.00034022697946056724,0.0003723601985257119,0.00028236728394404054,0.0002753072767518461,0.00023519736714661121,0.000254001934081316,0.00023186478938441724,0.0003602302458602935,0.0003749597235582769,0.00029905178234912455,0.000273410085355863,0.0002321607171325013,9.853113442659378e-05,0.00013595394557341933
69,0.0001530427543912083,0.00017334718722850084,0.00015891241491772234,0.00022359358263202012,0.0003285945567768067,0.0003408540796954185,0.00025755169917829335,0.00025438008015044034,0.0002035600336967036,0.00023033087200019509,2.5e-05,0.00021986143838148564,0.0003329824248794466,0.00035585204022936523,0.0002547649492044002,0.0002560094289947301,0.00020472331380005926,7.914786692708731e-05,0.00011844735854538158,0.00016497974866069853,0.00018856253882404417,0.00016641244292259216,0.00022123455710243434,0.00033772384631447494,0.00038277602288872004,0.00026385500677861273,0.0002512258943170309,0.00020709696400444955,0.000241941335843876,0.00021492871746886522,0.0003416295803617686,0.0003715508501045406,0.0003081717004533857,0.0002700006007216871,0.00019755259563680738,8.922736742533743e-05,0.00013607449363917112
70,0.00014213734539225698,0.00016471541312057525,0.00014420982915908098,0.0002023656852543354,0.00031749214394949377,0.0003323263372294605,0.0002470888721290976,0.00024469292839057744,0.00018339754024054855,0.00021751357417088002,1.25e-05,0.00020947142911609262,0.0003191526629962027,0.00033648600219748914,0.00024161188048310578,0.0002465401776134968,0.00018300590454600751,7.410777470795438e-05,0.0001089282741304487,0.00017224127077497542,0.00019388168584555387,0.00018014453235082328,0.00023059986415319145,0.0003497581055853516,0.0004017460742034018,0.0002850824093911797,0.000300438201520592,0.00021545577328652143,0.0002529225603211671,0.00024285700055770576,0.00034517887979745865,0.0003707815776579082,0.0002931464114226401,0.0002496168890502304,0.0002221778267994523,0.00010334020043956116,0.00014323795039672405
71,0.00016652671911288053,0.00018930755322799087,0.00017178829875774682,0.00023038314247969538,0.0003321882395539433,0.00035478785866871476,0.00026694501866586506,0.0002682721824385226,0.0002119358687195927,0.00024185185611713678,1.25e-05,0.00022845578496344388,0.0003451275115367025,0.0003584266232792288,0.000263233610894531,0.00028438528534024954,0.00021502144227270037,9.326565486844629e-05,0.0001314316177740693,0.00017810097779147327,0.0002042322448687628,0.00017588755872566253,0.00022715773957315832,0.0003472520038485527,0.0003677739587146789,0.0002878041996154934,0.00029190568602643907,0.00020377921464387327,0.0002529055345803499,0.00023310208052862436,0.00035672751255333424,0.0003852591325994581,0.00030066882027313113,0.00028411930543370545,0.00021221197675913572,0.00010178183583775535,0.00014162981824483722
72,0.0001523716637166217,0.00017247743380721658,0.00016797767602838576,0.00021727016428485513,0.0003276317729614675,0.000354256946593523,0.00025435120915062726,0.000262695160927251,0.00020718798623420298,0.00023385119857266545,1.25e-05,0.00023431653971783817,0.0003250157169532031,0.00035223941085860133,0.0002636558492667973,0.00026054008048959076,0.0002055871591437608,8.912513294490054e-05,0.00012876988330390304,0.00017700174066703767,0.0002014592319028452,0.00017583431326784194,0.000239599117776379,0.00034507675445638597,0.0003777097736019641,0.0002742709475569427,0.0002780860522761941,0.00022315759269986302,0.00026065175188705325,0.00025314060621894896,0.00038272776873782277,0.00039920484414324164,0.0003231493756175041,0.00031263125129044056,0.00022344861645251513,0.00010298640700057149,0.00014159586862660944
73,0.00015092105604708195,0.0001750415249262005,0.00015975760470610112,0.00020830504945479333,0.0003117294982075691,0.0003323401615489274,0.0002496230008546263,0.00026136983069591224,0.00019061617786064744,0.00022380727750714868,1.25e-05,0.00021513766841962934,0.0003132825659122318,0.0003404354501981288,0.0002533378719817847,0.00024362154363188893,0.0001947196142282337,8.265439828392118e-05,0.0001218318720930256,0.00016695319209247828,0.00020288952509872615,0.00018792728951666504,0.0002494356012903154,0.00038662314182147384,0.00039267493411898613,0.0002993996604345739,0.00027244698139838874,0.0002275721199112013,0.00025994566385634243,0.00024732056772336364,0.0003583229554351419,0.00037966351374052465,0.0002872654004022479,0.0002780258364509791,0.00023595706443302333,9.907579078571871e-05,0.00014752201968804002
74,0.000144168283441104,0.00016266392776742578,0.00016110764408949763,0.00021313763863872737,0.00031175065669231117,0.0003355209482833743,0.00024038436822593212,0.0002393257454968989,0.00019781649461947381,0.00022396889107767493,1.25e-05,0.00021929718786850572,0.00032207852927967906,0.0003468189388513565,0.0002552387595642358,0.0002544137241784483,0.00020163269073236734,8.05137024144642e-05,0.00012160157348262146,0.00017350181587971747,0.00020700000459328294,0.00018928958161268383,0.00023824760864954442,0.00034398463321849704,0.0003849428321700543,0.00028427818324416876,0.0002888737362809479,0.00024128759105224162,0.00026259428705088794,0.00025375469704158604,0.00036700896453112364,0.0003877490817103535,0.0003134527651127428,0.0003095057909376919,0.0002318637416465208,0.00010051405115518719,0.0001488466514274478
75,0.0001663164875935763,0.00018920088768936694,0.00015660682402085513,0.0002046455629169941,0.0003020309086423367,0.00034327254979871213,0.00025252357590943575,0.00025904594804160297,0.00018213834846392274,0.00022463635832536966,1.25e-05,0.00020704965572804213,0.00030932226218283176,0.0003355382359586656,0.0002554460952524096,0.0002665558422449976,0.00018402743444312364,8.223692566389218e-05,0.0001228609908139333,0.00016391246754210442,0.0001925672695506364,0.0001765988563420251,0.00023478877847082913,0.00035499242949299514,0.00038053738535381854,0.00026370876003056765,0.00026419328060001135,0.00021609128452837467,0.00025064038345590234,0.00024196012236643583,0.0003453055687714368,0.0003834747476503253,0.00029458696371875703,0.0002939350379165262,0.0002250522084068507,9.287650027545169e-05,0.0001363041956210509
76,0.00015107932267710567,0.0001725105248624459,0.00015596863522659987,0.00020780130580533296,0.00030502883601002395,0.0003324655699543655,0.00024905201280489564,0.00025380749139003456,0.00018530074157752097,0.00022212891781236976,1.25e-05,0.00021234269661363214,0.0003227083361707628,0.000341861043125391,0.00025016572908498347,0.00024804717395454645,0.0001851307606557384,8.373632590519264e-05,0.00011918586096726358,0.0001617526140762493,0.00019475002773106098,0.0001619187678443268,0.00023954430071171373,0.0003530929971020669,0.0003828647895716131,0.0002864560519810766,0.00028052431298419833,0.0002181220188504085,0.0002468180609866977,0.00021307595307007432,0.0003494252741802484,0.00037120780325494707,0.0002869618183467537,0.0002826597774401307,0.0002112355432473123,8.074338984442875e-05,0.00012157159653725103
77,0.00015260677901096642,0.00017575309902895242,0.00015933431859593838,0.00021521771850530058,0.0003258401993662119,0.0003407618496567011,0.0002590658259578049,0.00024861254496499896,0.00019728932238649577,0.0002269254473503679,6.25e-06,0.00022036452719476074,0.0003143327485304326,0.0003350847400724888,0.0002446875150781125,0.0002563261950854212,0.00019962608348578215,8.763932419242337e-05,0.00012519028678070754,0.00018020838615484536,0.0002050296461675316,0.00019907020032405853,0.00024046518956311047,0.00035027804551646113,0.0003892857057508081,0.00028777794796042144,0.00028592688613571227,0.00023565250739920884,0.0002630511880852282,0.00025229330640286207,0.00035777868470177054,0.00038717102142982185,0.0003137406602036208,0.00027183955535292625,0.0002320959756616503,0.00012083096953574568,0.00016242680430877954
78,0.00015126728976611048,0.00017661794845480472,0.0001630169863346964,0.0002115847310051322,0.000316725141601637,0.0003472976677585393,0.00025237773661501706,0.000252514990279451,0.00019368543871678412,0.00022560062643606216,6.25e-06,0.00021813240891788155,0.000318926788168028,0.0003258691867813468,0.0002502076968085021,0.000248957599978894,0.00019845528004225343,8.59356441651471e-05,0.0001236378593603149,0.00018397528037894517,0.00021293181634973735,0.00018770992755889893,0.00025075720623135567,0.00035370589466765523,0.0003874405228998512,0.0002961801365017891,0.0002824770344886929,0.0002198955771746114,0.00026373311993665993,0.00025337719125673175,0.0003743101842701435,0.00038344788481481373,0.00030299980426207185,0.0003000691649504006,0.00023309816606342793,0.00010638384992489591,0.0001547038700664416
79,0.00014753559662494808,0.00016822163888718933,0.00015808583702892065,0.00021046859910711646,0.00031317074899561703,0.0003445400798227638,0.0002518481924198568,0.0002569795469753444,0.00019588573195505887,0.00022312278451863676,6.25e-06,0.00020608949125744402,0.0003181893553119153,0.000334918120643124,0.00024842857965268195,0.00024747176212258637,0.00019345599866937846,7.795799319865182e-05,0.00011984046432189643,0.00014713749988004565,0.00017867927090264857,0.00014817046758253127,0.00021348358131945133,0.0003473594260867685,0.0003738410887308419,0.0002533302176743746,0.00024405011208727956,0.00019294240337330848,0.00023061837418936193,0.00021348793234210461,0.00033633544808253646,0.0003319107636343688,0.000288173119770363,0.0002633331750985235,0.00019394046103116125,8.054049976635724e-05,0.00011379669012967497
80,0.00015195317973848432,0.0001770706585375592,0.0001492487353971228,0.0002027603331953287,0.00031224076519720256,0.00032185931922867894,0.0002494039654266089,0.00026145356241613626,0.00018673416343517601,0.00022094255837146193,6.25e-06,0.00021165079670026898,0.0003142975619994104,0.0003339867398608476,0.0002509138430468738,0.0002533152000978589,0.00018860273121390492,7.75164007791318e-05,0.0001130163946072571,0.00017323736392427236,0.00021082851162645966,0.00019336666446179152,0.00025766532053239644,0.00036080487188883126,0.0003926624485757202,0.0003271836612839252,0.0002749612904153764,0.00024031124485190958,0.00026773251011036336,0.00025250224280171096,0.0003692748723551631,0.0003737200458999723,0.0002984816674143076,0.0003093987179454416,0.00025047027156688273,0.00011033297050744295,0.00015624999650754035
81,0.0001545421255286783,0.00017763380310498178,0.00015262998931575567,0.00019888636597897857,0.0003000081342179328,0.0003269408189225942,0.00024186455993913114,0.0002504969306755811,0.00018249810091219842,0.00021860554988961667,6.25e-06,0.0002085555752273649,0.00031490132096223533,0.0003341744013596326,0.0002422020916128531,0.000250622455496341,0.00018561458273325115,7.939506031107157e-05,0.0001153276753029786,0.00017509418830741197,0.00020163941371720284,0.000173191525391303,0.0002209463418694213,0.0003464448673184961,0.0003682324313558638,0.00029850294231437147,0.0002889271709136665,0.00020260518067516387,0.0002480751136317849,0.00023030460579320788,0.00034073914866894484,0.00037018125294707716,0.00028987196856178343,0.0002742187643889338,0.00020940336980856955,9.158461762126535e-05,0.00013538921484723687
82,0.00014495576033368707,0.00016591601888649166,0.00015182310016825795,0.00020516710355877876,0.00030926091130822897,0.00032494208426214755,0.00024204551300499588,0.00025015141000039876,0.00018976717547047883,0.00021769553131889552,6.25e-06,0.00020459640654735267,0.0003079460875596851,0.00033102830639109015,0.0002421826939098537,0.0002444395504426211,0.0001888911210699007,7.965478289406747e-05,0.00011805714893853292,0.0001453897712053731,0.00017273827688768506,0.00015839250409044325,0.00021960663434583694,0.0003475393168628216,0.0003480867308098823,0.00025257107336074114,0.0002439982636133209,0.0002078537072520703,0.00023672921815887094,0.00022529523994307965,0.00035738354199565947,0.00037102296482771635,0.0002915193035732955,0.00027445796877145767,0.00020805897656828165,8.371716103283688e-05,0.0001167648661066778
83,0.0001487446716055274,0.00017411659064237028,0.00015066019841469824,0.0002029719908023253,0.0003082255134359002,0.000333290605340153,0.0002466413425281644,0.00026085408171638846,0.00018349023594055325,0.00021967501379549503,6.25e-06,0.0002070282062049955,0.0003118072636425495,0.0003322988050058484,0.0002494860382284969,0.0002460065297782421,0.0001895688328659162,7.702448783675209e-05,0.00011226080823689699,0.00015975786664057523,0.00018680503126233816,0.00017060829850379378,0.00022641824034508318,0.00036161247408017516,0.000362232094630599,0.0002656419528648257,0.00028671204927377403,0.00022315981914289296,0.00024674972519278526,0.0002306734095327556,0.00034615720505826175,0.00037066382355988026,0.0002908258175011724,0.00027913949452340603,0.00021536821441259235,8.782002259977162e-05,0.00013114958710502833
84,0.000152471853652969,0.00017409170686732978,0.00015505708870477974,0.0002039824175881222,0.0003103639464825392,0.0003239756915718317,0.0002487371675670147,0.00025145916151814163,0.00018288049614056945,0.00022032647393643856,3.125e-06,0.00021180948533583432,0.0003068270452786237,0.00033328597783111036,0.0002425872953608632,0.00025894405553117394,0.0001908107806229964,8.077068923739716e-05,0.00011749704572139308,0.0001606584555702284,0.00018783814448397607,0.00018316997739020735,0.00025445129722356796,0.0003691667807288468,0.0003739680105354637,0.0003088498197030276,0.00027161595062352717,0.00022000704484526068,0.00025106786051765084,0.0002423645491944626,0.0003419160202611238,0.0003707851574290544,0.0002626113418955356,0.00026464537950232625,0.00022381596500054002,9.101287287194282e-05,0.0001412756828358397
